<application>
  <component name="ProjectJdkTable">
    <jdk version="2">
      <name value="Python 3.7 (Python)" />
      <type value="Python SDK" />
      <version value="Python 3.7.3" />
      <homePath value="D:\soft_own\Anaconda\python.exe" />
      <roots>
        <classPath>
          <root type="composite">
            <root url="file://D:/soft_own/Anaconda/DLLs" type="simple" />
            <root url="file://D:/soft_own/Anaconda/Lib" type="simple" />
            <root url="file://$USER_HOME$/AppData/Roaming/Python/Python37/site-packages" type="simple" />
            <root url="file://D:/soft_own/Anaconda/Lib/site-packages" type="simple" />
            <root url="file://D:/soft_own/Anaconda/Lib/site-packages/win32" type="simple" />
            <root url="file://D:/soft_own/Anaconda/Lib/site-packages/win32/lib" type="simple" />
            <root url="file://D:/soft_own/Anaconda/Lib/site-packages/pythonwin" type="simple" />
            <root url="file://$USER_HOME$/.PyCharm2019.3/system/python_stubs/1326457887" type="simple" />
            <root url="file://$APPLICATION_HOME_DIR$/plugins/python/helpers/python-skeletons" type="simple" />
            <root url="file://$APPLICATION_HOME_DIR$/plugins/python/helpers/typeshed/stdlib/3" type="simple" />
            <root url="file://$APPLICATION_HOME_DIR$/plugins/python/helpers/typeshed/stdlib/2and3" type="simple" />
            <root url="file://$APPLICATION_HOME_DIR$/plugins/python/helpers/typeshed/third_party/3" type="simple" />
            <root url="file://$APPLICATION_HOME_DIR$/plugins/python/helpers/typeshed/third_party/2and3" type="simple" />
          </root>
        </classPath>
        <sourcePath>
          <root type="composite" />
        </sourcePath>
      </roots>
      <additional />
    </jdk>
  </component>
</application>